Precision,Recall,F1-score,ROC-AUC,Model
0.06089309878213803,0.9183673469387755,0.11421319796954314,0.9720142330286081,LogisticRegression
0.680327868852459,0.8469387755102041,0.7545454545454545,0.9835807670001034,RandomForest
0.8941176470588236,0.7755102040816326,0.8306010928961749,0.9755415355506298,LightGBM
