Precision,Recall,F1-score,ROC-AUC,Model
0.06089309878213803,0.9183673469387755,0.11421319796954314,0.9720142330286081,LogisticRegression
0.3438735177865613,0.8877551020408163,0.49572649572649574,0.9773665128685126,RandomForest
0.8941176470588236,0.7755102040816326,0.8306010928961749,0.9755415355506298,LightGBM
